Waktu,PM10,PM2.5,SO2,CO,O3,NO2,HC,Suhu,Kelembaban
2022-08-01,56,50,41,43,50,18,31,28,69
2022-08-02,70,63,15,48,68,21,11,28,70
2022-08-03,89,81,27,128,34,5,50,27,77
2022-08-04,52,48,24,57,25,48,22,26,83
2022-08-05,38,33,10,81,8,11,28,27,76
2022-08-06,42,38,36,787,32,35,195,26,78
2022-08-07,26,23,22,555,3,7,23,27,76
2022-08-08,24,21,31,344,63,33,8,28,70
2022-08-09,41,36,21,133,25,52,41,27,72
2022-08-10,45,42,44,155,47,179,46,27,77
2022-08-11,37,34,38,158,63,37,35,27,81
2022-08-12,28,26,36,199,19,47,51,26,83
2022-08-13,25,22,16,190,7,10,40,26,81
2022-08-14,21,19,28,218,14,26,60,27,77
2022-08-15,21,18,30,119,49,17,15,26,79
2022-08-16,45,40,36,115,21,42,22,26,85
2022-08-17,34,31,41,68,21,324,20,27,78
2022-08-18,22,19,33,21,10,21,18,28,68
2022-08-19,29,25,25,56,25,21,21,28,69
2022-08-20,27,23,6,32,19,25,16,29,69
2022-08-21,25,22,15,31,31,130,14,27,77
2022-08-22,49,45,3,266,56,237,38,26,85
2022-08-23,62,57,38,502,40,4,61,28,77
2022-08-24,50,46,36,367,7,2,32,27,77
2022-08-25,40,36,20,541,3,52,46,27,72
2022-08-26,57,51,40,462,15,41,28,27,76
2022-08-27,45,40,24,356,5,92,21,26,82
2022-08-28,28,25,18,85,3,97,15,25,84
2022-08-29,30,27,47,586,19,37,8,26,81
2022-08-30,41,29,41,775,21,31,14,27,78
2022-08-31,69,63,16,695,21,30,10,28,73
2022-09-01,66,62,19,594,6,10,14,28,74
2022-09-02,42,38,27,830,20,23,18,27,76
2022-09-03,29,25,55,1618,77,90,66,27,78
2022-09-04,17,15,23,860,128,121,32,26,78
2022-09-05,48,44,30,1269,35,66,16,28,77
2022-09-06,36,32,28,1294,46,42,25,28,79
2022-09-07,43,39,40,1354,41,36,20,26,85
2022-09-08,37,34,42,1401,26,41,17,24,90
2022-09-09,43,37,39,1310,48,52,51,25,86
2022-09-10,28,25,39,1330,52,57,42,25,87
2022-09-11,19,17,38,1255,54,52,35,26,81
2022-09-12,19,17,39,1314,46,40,30,26,83
2022-09-13,24,22,34,1226,43,45,26,26,79
2022-09-14,42,37,33,1286,19,32,18,28,70
2022-09-15,38,35,32,1275,19,31,17,27,73
2022-09-16,28,26,33,1232,19,31,19,26,82
2022-09-17,28,25,33,1269,19,31,18,27,80
2022-09-18,37,33,33,1273,19,31,17,28,75
2022-09-19,27,24,32,1258,19,30,17,28,73
2022-09-20,26,23,34,1224,19,30,19,27,76
2022-09-21,25,22,26,1364,16,28,9,27,78
2022-09-22,27,24,22,1280,16,31,12,27,80
2022-09-23,31,28,22,1289,14,30,7,28,76
2022-09-24,32,29,22,1140,12,32,19,27,78
2022-09-25,34,30,22,991,10,34,31,27,80
2022-09-26,35,32,22,841,8,37,44,26,81
2022-09-27,36,33,22,692,6,39,56,26,83
2022-09-28,38,34,22,543,5,41,68,25,85
2022-09-29,33,30,23,528,4,35,17,28,71
2022-09-30,27,24,23,474,4,33,17,29,69
2022-10-01,25,22,24,538,4,29,17,27,79
2022-10-02,19,17,29,685,4,26,13,26,84
2022-10-03,21,19,57,856,4,16,7,27,80
2022-10-04,19,17,54,806,4,15,9,25,86
2022-10-05,19,17,54,807,4,15,10,26,82
2022-10-06,23,21,54,678,17,15,11,26,81
2022-10-07,16,14,41,527,23,15,14,25,89
2022-10-08,12,10,37,506,23,15,14,26,80
2022-10-09,15,13,46,583,24,16,12,26,80
2022-10-10,33,29,52,654,23,15,12,27,80
2022-10-11,18,17,48,549,23,15,14,26,82
2022-10-12,22,19,39,555,23,16,15,25,86
2022-10-13,19,17,38,512,23,16,15,26,86
2022-10-14,13,11,45,521,23,16,14,26,81
2022-10-15,11,10,43,472,23,15,14,27,80
2022-10-16,32,29,35,578,24,16,14,27,79
2022-10-17,32,29,37,590,24,16,14,27,79
2022-10-18,25,23,31,548,24,15,15,25,88
2022-10-19,26,24,26,587,24,15,16,25,89
2022-10-20,29,26,26,564,24,15,16,25,89
2022-10-21,18,15,25,479,24,16,16,26,83
2022-10-22,18,16,34,550,24,16,14,27,78
2022-10-23,12,11,34,510,25,17,15,27,80
2022-10-24,10,8,28,455,24,17,16,27,79
2022-10-25,8,7,26,497,24,17,16,26,80
2022-10-26,9,8,25,524,25,17,15,26,80
2022-10-27,13,10,27,495,25,16,15,27,71
2022-10-28,11,9,30,505,25,17,14,28,64
2022-10-29,9,8,31,506,26,17,14,28,66
2022-10-30,12,11,34,590,26,18,13,29,63
2022-10-31,21,18,35,639,26,18,13,28,70
2022-11-01,25,22,36,664,26,17,13,28,74
2022-11-02,22,20,34,669,26,18,13,27,76
2022-11-03,24,22,29,746,26,18,14,26,85
2022-11-04,20,18,19,553,25,18,16,27,80
2022-11-05,16,15,16,539,24,17,17,26,84
2022-11-06,21,19,16,564,24,15,17,27,78
2022-11-07,33,30,15,560,23,15,17,26,83
2022-11-08,28,25,16,750,22,16,17,26,83
2022-11-09,18,17,16,604,21,15,18,26,83
2022-11-10,12,11,18,538,21,14,20,26,83
2022-11-11,7,6,19,435,21,13,21,26,80
2022-11-12,14,12,17,537,20,13,20,26,85
2022-11-13,19,17,16,624,20,13,19,26,85
2022-11-14,30,27,22,780,101,65,19,27,80
2022-11-15,22,19,23,694,118,64,19,26,80
2022-11-16,27,24,22,717,118,63,19,27,77
2022-11-17,21,18,24,643,129,67,20,25,85
2022-11-18,10,8,23,586,122,64,20,26,79
2022-11-19,13,11,23,606,122,61,20,27,76
2022-11-20,7,6,24,528,120,59,20,28,70
2022-11-21,13,11,24,526,123,60,20,27,74
2022-11-22,9,8,24,515,120,59,20,28,72
2022-11-23,10,9,24,510,123,61,20,27,74
2022-11-24,9,8,25,502,129,65,21,26,81
2022-11-25,32,29,24,610,131,61,20,26,78
2022-11-26,30,27,24,589,128,59,20,27,76
2022-11-27,83,35,23,647,125,62,20,27,74
2022-11-28,22,34,25,567,127,60,20,26,80
2022-11-29,26,18,24,570,126,60,20,28,73
2022-11-30,20,19,25,557,130,61,20,26,79
2022-12-01,18,22,24,572,129,62,20,27,78
2022-12-02,32,29,24,583,128,63,20,26,80
2022-12-03,19,17,24,555,129,59,20,27,77
2022-12-04,23,16,24,603,132,63,20,26,84
2022-12-05,16,15,24,554,131,62,21,26,83
2022-12-06,62,27,24,586,132,65,20,26,86
2022-12-07,32,27,24,570,131,67,21,25,87
2022-12-08,27,24,24,580,133,70,20,25,87
2022-12-09,21,18,24,595,134,69,21,25,87
2022-12-10,81,38,24,537,132,65,21,27,72
2022-12-11,24,26,24,523,130,67,21,27,73
2022-12-12,25,23,24,564,134,68,20,26,82
2022-12-13,34,33,24,541,135,70,21,26,82
2022-12-14,39,35,24,530,132,69,21,27,75
2022-12-15,43,35,23,550,128,69,20,28,70
2022-12-16,54,51,30,608,101,106,20,27,73
2022-12-17,66,61,33,632,89,125,20,27,75
2022-12-18,23,20,33,658,89,123,20,26,81
2022-12-19,37,33,33,628,88,122,20,27,77
2022-12-20,45,41,33,587,86,107,20,28,76
2022-12-21,24,22,34,563,89,119,21,27,82
2022-12-22,25,21,36,467,92,123,21,27,76
2022-12-23,24,21,35,492,93,121,21,26,81
2022-12-24,30,28,35,507,91,113,21,27,77
2022-12-25,12,11,37,477,92,114,21,25,88
2022-12-26,12,10,36,532,93,120,21,24,91
2022-12-27,12,11,36,519,80,100,21,25,84
2022-12-28,12,10,36,490,48,41,21,24,88
2022-12-29,8,7,36,501,47,42,21,24,90
2022-12-30,17,15,36,550,47,42,21,24,91
2022-12-31,19,17,35,562,47,41,21,24,89
2023-01-01,8,7,38,437,46,41,22,25,81
2023-01-02,10,9,37,447,46,42,21,25,83
2023-01-03,8,7,38,435,46,42,22,25,85
2023-01-04,14,12,36,457,45,42,21,26,80
2023-01-05,20,18,36,487,44,41,21,27,77
2023-01-06,9,7,36,462,42,40,21,28,67
2023-01-07,8,7,35,464,42,40,21,28,69
2023-01-08,14,13,36,521,45,42,21,26,81
2023-01-09,16,14,34,528,42,36,20,28,73
2023-01-10,15,13,35,503,42,34,21,28,72
2023-01-11,18,16,35,490,43,36,21,29,67
2023-01-12,32,29,33,552,43,36,21,29,67
2023-01-13,22,20,34,530,45,37,21,27,77
2023-01-14,18,16,35,506,45,36,21,28,70
2023-01-15,19,17,34,495,45,40,21,28,71
2023-01-16,18,15,35,473,45,37,21,28,74
2023-01-17,31,28,35,491,46,37,21,26,81
2023-01-18,44,39,33,1109,38,39,18,26,82
2023-01-19,45,40,22,1616,29,40,16,26,82
2023-01-20,23,21,17,1333,25,35,17,26,80
2023-01-21,15,14,16,1234,17,27,18,27,75
2023-01-22,13,12,16,1257,17,24,17,27,77
2023-01-23,11,10,17,1252,15,24,17,26,82
2023-01-24,19,16,16,1263,16,23,17,26,79
2023-01-25,10,9,18,1335,18,24,16,24,88
2023-01-26,21,18,18,1393,17,22,16,27,73
2023-01-27,46,43,21,1605,19,21,14,27,80
2023-01-28,27,24,32,2098,21,22,12,24,92
2023-01-29,24,22,27,1740,18,20,14,26,86
2023-01-30,45,38,21,1590,17,21,14,27,80
2023-01-31,36,31,17,1200,15,19,16,27,80
2023-02-01,32,30,16,1109,14,20,17,26,80
2023-02-02,39,36,15,1028,14,19,17,27,81
2023-02-03,26,25,15,880,13,20,18,26,76
2023-02-04,20,18,15,654,14,21,18,28,66
2023-02-05,23,21,16,957,14,21,17,28,61
2023-02-06,18,16,15,767,15,20,18,28,68
2023-02-07,23,21,15,628,15,21,18,28,72
2023-02-08,35,32,15,761,14,20,18,27,76
2023-02-09,15,12,16,670,14,21,19,26,74
2023-02-10,11,9,17,729,14,21,19,27,76
2023-02-11,20,19,17,1024,14,20,18,26,82
2023-02-12,4,4,17,752,14,19,19,23,92
2023-02-13,18,16,18,1014,14,19,18,25,82
2023-02-14,10,9,17,683,15,21,19,26,82
2023-02-15,27,25,1,760,19,26,34,26,78
2023-02-16,9,8,23,984,17,27,47,25,85
2023-02-17,16,14,10,1003,17,33,55,25,88
2023-02-18,11,9,1,1114,26,26,50,22,96
2023-02-19,14,11,3,922,24,38,45,25,84
2023-02-20,17,14,5,729,23,51,39,28,73
2023-02-21,12,11,8,773,21,32,55,26,79
2023-02-22,15,14,18,1006,20,45,44,24,91
2023-02-23,19,17,17,1033,19,58,38,25,89
2023-02-24,24,21,19,982,17,81,45,25,90
2023-02-25,20,18,9,854,16,81,37,25,89
2023-02-26,18,16,13,851,14,68,40,25,89
2023-02-27,16,14,4,594,13,53,35,25,88
2023-02-28,9,8,37,1088,12,22,23,26,79
2023-03-01,9,8,45,1131,12,11,30,25,83
2023-03-02,8,7,63,1226,35,37,61,24,91
2023-03-03,14,11,61,1274,48,61,43,27,75
2023-03-04,11,9,60,1207,43,61,36,25,84
2023-03-05,10,9,53,1147,43,61,55,26,80
2023-03-06,12,9,40,816,46,61,36,28,71
2023-03-07,27,24,49,1147,57,61,49,27,75
2023-03-08,55,39,49,92,136,59,51,27,76
2023-03-09,24,21,48,35,119,57,54,27,78
2023-03-10,27,24,47,273,108,54,56,27,78
2023-03-11,30,27,46,511,98,52,58,27,78
2023-03-12,33,30,46,750,87,50,61,27,78
2023-03-13,36,33,45,988,77,48,63,27,79
2023-03-14,39,36,44,1226,66,46,66,27,79
2023-03-15,45,41,61,1618,74,36,82,25,90
2023-03-16,44,39,69,1529,69,41,72,27,78
2023-03-17,53,48,101,2163,86,37,63,24,94
2023-03-18,43,39,68,1713,66,31,54,24,93
2023-03-19,32,29,35,1263,46,25,46,24,92
2023-03-20,22,20,2,813,25,19,37,24,91
2023-03-21,26,23,9,566,51,13,28,27,77
2023-03-22,28,26,19,540,86,7,40,27,83
2023-03-23,32,29,29,603,84,6,35,28,82
2023-03-24,41,37,40,804,78,7,25,27,87
2023-03-25,32,29,37,850,54,7,37,26,90
2023-03-26,25,23,22,550,36,5,49,26,85
2023-03-27,14,12,19,598,41,5,25,26,83
2023-03-28,36,32,25,831,53,5,36,27,81
2023-03-29,49,44,29,930,50,6,44,26,83
2023-03-30,21,18,22,634,32,6,18,27,78
2023-03-31,12,10,22,475,29,13,30,28,76
2023-04-01,12,11,45,854,27,25,51,26,81
2023-04-02,29,26,57,1221,27,24,37,27,78
2023-04-03,19,17,48,1038,25,25,36,28,73
2023-04-04,11,10,36,700,26,23,47,28,70
2023-04-05,17,15,69,1102,40,16,51,25,63
2023-04-06,16,14,84,2475,48,4,60,28,67
2023-04-07,20,18,86,2351,62,5,47,28,68
2023-04-08,17,16,104,2400,54,6,37,27,75
2023-04-09,13,12,98,2295,47,5,35,28,72
2023-04-10,10,9,100,2262,48,5,35,27,76
2023-04-11,27,26,98,2311,45,4,29,27,76
2023-04-12,12,11,99,2250,47,4,43,27,78
2023-04-13,16,14,93,2333,58,5,48,27,75
2023-04-14,13,11,90,2320,61,6,49,27,78
2023-04-15,15,14,92,2351,60,6,52,28,74
2023-04-16,14,13,85,2311,69,7,45,30,68
2023-04-17,13,12,78,2271,78,8,38,31,63
2023-04-18,23,22,113,2496,83,8,66,28,74
2023-04-19,29,27,129,2690,95,8,94,27,82
2023-04-20,34,31,142,2853,89,9,90,27,84
2023-04-21,31,29,115,2820,106,9,85,27,84
2023-04-22,27,25,109,2696,92,8,45,28,77
2023-04-23,19,18,120,2637,95,8,69,27,83
2023-04-24,17,16,100,2579,98,8,48,27,81
2023-04-25,24,22,104,2948,87,8,65,26,85
2023-04-26,31,29,116,3005,89,8,85,27,84
2023-04-27,33,30,108,2647,94,8,55,28,79
2023-04-28,35,33,100,2773,95,8,17,28,81
2023-04-29,32,30,84,2664,96,9,22,28,78
2023-04-30,57,52,110,2982,121,10,58,28,79
2023-05-01,46,43,91,2773,107,9,27,27,83
2023-05-02,39,36,70,2652,99,19,30,28,82
2023-05-03,31,29,48,2531,91,28,33,28,82
2023-05-04,24,22,26,2410,83,38,36,28,82
2023-05-05,26,23,64,2901,77,36,43,27,86
2023-05-06,24,22,58,2615,85,35,39,27,81
2023-05-07,25,23,45,2606,82,34,61,26,86
2023-05-08,18,16,36,2484,92,34,18,26,86
2023-05-09,32,30,32,2447,94,35,2,29,77
2023-05-10,59,54,46,2615,92,35,52,29,76
2023-05-11,54,48,48,2646,86,35,37,28,80
2023-05-12,24,22,47,2620,82,34,50,30,73
2023-05-13,32,29,39,2670,92,34,44,28,80
2023-05-14,19,17,29,2471,94,34,57,29,68
2023-05-15,27,25,31,2447,86,34,23,27,71
2023-05-16,36,34,37,2314,46,19,43,28,70
2023-05-17,51,48,16,2078,18,4,31,28,70
2023-05-18,59,57,25,2134,17,4,46,28,72
2023-05-19,61,67,21,2182,17,3,54,28,74
2023-05-20,55,53,19,2179,16,3,56,28,76
2023-05-21,53,51,19,2228,15,4,45,27,82
2023-05-22,54,52,17,2278,13,5,53,27,81
2023-05-23,55,52,19,2324,13,6,38,28,76
2023-05-24,69,64,15,2233,13,5,47,28,75
2023-05-25,46,46,14,2252,12,5,48,28,77
2023-05-26,58,55,17,2319,12,5,40,28,77
2023-05-27,84,80,22,2400,11,5,36,28,80
2023-05-28,57,55,23,2359,11,5,28,28,78
2023-05-29,75,71,27,2536,11,5,26,28,79
2023-05-30,53,50,18,2301,11,4,44,28,76
2023-05-31,44,40,17,2238,10,4,46,28,70
2023-06-01,40,38,14,2149,10,4,39,28,70
2023-06-02,63,60,18,2252,10,3,44,29,72
2023-06-03,77,74,20,2282,10,4,34,28,79
2023-06-04,36,34,16,2208,10,3,36,27,83
2023-06-05,34,33,16,2269,10,4,35,27,83
2023-06-06,23,22,14,2258,10,4,44,26,85
2023-06-07,28,26,12,2190,9,4,35,27,80
2023-06-08,31,29,15,2243,9,5,42,28,78
2023-06-09,45,42,19,2291,9,5,42,28,75
2023-06-10,44,42,16,2184,9,5,36,28,76
2023-06-11,60,57,23,2347,9,5,38,28,70
2023-06-12,45,42,17,2188,9,4,37,28,72
2023-06-13,52,50,18,2212,9,5,42,28,76
2023-06-14,43,40,20,2314,9,5,34,26,85
2023-06-15,54,51,17,2290,9,4,45,28,77
2023-06-16,51,48,32,2384,8,12,42,25,92
2023-06-17,39,37,165,2367,6,32,42,26,80
2023-06-18,43,41,164,2361,7,31,41,28,80
2023-06-19,17,16,164,2140,5,30,41,25,89
2023-06-20,27,25,159,2115,5,31,40,28,75
2023-06-21,38,36,160,2293,6,32,40,26,84
2023-06-22,47,45,161,2180,5,32,39,27,82
2023-06-23,46,45,160,2146,6,32,38,27,84
2023-06-24,38,37,159,2106,5,32,38,27,81
2023-06-25,29,28,159,2143,5,31,37,26,84
2023-06-26,25,24,159,2048,5,31,37,27,73
2023-06-27,18,18,159,2032,5,31,36,27,77
2023-06-28,16,16,158,1967,5,30,36,27,74
2023-06-29,15,14,156,1945,5,28,35,27,81
2023-06-30,27,27,157,1985,5,28,35,28,76
2023-07-01,34,33,158,2071,7,29,34,27,79
2023-07-02,26,25,158,2009,5,28,33,28,74
2023-07-03,38,36,160,2040,6,28,33,28,72
2023-07-04,40,38,158,1992,5,29,32,27,73
2023-07-05,38,37,158,2082,5,29,32,28,76
2023-07-06,39,37,163,2164,6,30,31,25,88
2023-07-07,26,25,160,2093,5,30,31,25,87
2023-07-08,16,15,160,2079,4,30,30,26,85
2023-07-09,23,22,159,2145,5,32,29,27,80
2023-07-10,35,33,160,2156,6,32,29,28,75
2023-07-11,48,46,161,2107,6,30,28,28,72
2023-07-12,68,65,162,2139,6,31,28,28,76
2023-07-13,42,40,159,1994,6,30,27,28,71
2023-07-14,19,19,159,1949,6,30,27,27,75
2023-07-15,29,27,160,1952,5,30,26,28,73
2023-07-16,19,18,158,1948,5,30,25,28,71
2023-07-17,44,42,158,2007,5,30,25,28,70
2023-07-18,45,43,158,2067,5,31,24,28,68
2023-07-19,33,32,158,1967,5,30,24,28,66
2023-07-20,40,38,157,1998,4,29,23,28,59
2023-07-21,44,41,157,2020,4,29,23,28,67
2023-07-22,59,57,157,2041,6,29,22,28,69
2023-07-23,72,70,162,2233,6,32,21,28,72
2023-07-24,69,66,160,2101,6,31,21,27,76
2023-07-25,88,85,163,2125,5,30,20,27,76
2023-07-26,71,67,160,2060,6,30,20,28,72
2023-07-27,62,60,97,2060,9,21,19,27,76
2023-07-28,37,35,87,2060,13,17,19,25,81
2023-07-29,43,40,92,2092,24,16,18,26,75
2023-07-30,48,44,96,2124,35,16,18,27,70
2023-07-31,54,48,100,2155,45,16,17,28,64
2023-08-01,41,39,108,2162,43,14,16,28,67
2023-08-02,68,65,112,2252,46,17,16,27,75
2023-08-03,50,48,109,2160,44,15,15,28,77
2023-08-04,48,46,108,2094,45,15,15,28,72
2023-08-05,50,48,110,2136,45,15,14,28,69
2023-08-06,62,61,133,2345,62,17,14,26,78
2023-08-07,97,94,171,2045,36,46,13,29,73
2023-08-08,63,60,175,2039,37,52,14,27,79
2023-08-09,51,50,176,1945,37,53,15,28,75
2023-08-10,62,60,177,1912,37,47,16,28,73
2023-08-11,61,60,177,1941,37,50,16,27,73
2023-08-12,62,61,178,1906,37,46,17,27,68
2023-08-13,49,49,179,1854,37,44,18,27,68
2023-08-14,49,48,179,1822,36,43,19,28,67
2023-08-15,59,60,180,1861,36,44,20,28,66
2023-08-16,40,39,179,1818,36,42,21,28,64
2023-08-17,35,35,180,1787,36,40,22,28,67
2023-08-18,40,42,178,1813,36,40,23,27,68
2023-08-19,53,56,179,1864,36,42,23,28,69
2023-08-20,54,57,180,1850,36,43,24,28,74
2023-08-21,55,55,180,1826,35,43,25,27,70
2023-08-22,53,53,120,1954,4,44,26,30,61
2023-08-23,48,51,60,1548,26,26,10,28,69
2023-08-24,62,61,76,1152,62,7,10,28,70
2023-08-25,74,74,71,1153,61,7,9,28,73
2023-08-26,62,63,46,1150,59,7,9,28,72
2023-08-27,51,52,49,1151,55,7,8,27,77
2023-08-28,52,54,38,1148,44,7,8,26,76
2023-08-29,53,54,46,1150,48,7,8,28,68
2023-08-30,56,59,57,1151,50,7,8,28,67
2023-08-31,63,64,69,1151,47,7,8,28,65
2023-09-01,59,59,43,1150,45,7,7,28,67
2023-09-02,50,50,45,1149,46,7,7,28,66
2023-09-03,38,38,34,1148,40,7,6,27,61
2023-09-04,33,33,30,1147,36,7,6,27,59
2023-09-05,40,40,45,1148,38,7,6,27,61
2023-09-06,41,41,48,1148,39,7,6,28,63
2023-09-07,50,52,57,1150,42,7,6,28,68
2023-09-08,43,45,48,1149,39,7,6,27,72
2023-09-09,45,46,40,1151,42,7,6,28,69
2023-09-10,38,39,22,1148,36,7,6,27,65
2023-09-11,31,32,33,1147,34,7,6,28,64
2023-09-12,30,33,31,1148,35,7,6,29,64
2023-09-13,37,39,36,1148,36,7,6,29,65
2023-09-14,28,29,31,1147,34,7,6,28,65
2023-09-15,38,40,23,1126,41,8,18,27,71
2023-09-16,41,43,29,1082,41,10,40,28,67
2023-09-17,35,38,36,1082,40,10,40,28,71
2023-09-18,32,34,42,1082,39,10,40,28,71
2023-09-19,52,59,49,1133,38,10,9,27,77
2023-09-20,41,31,38,1148,47,10,3,28,75
2023-09-21,38,41,53,1148,46,10,3,28,70
2023-09-22,20,21,35,1147,45,10,3,28,58
2023-09-23,32,31,26,1146,43,10,3,28,62
2023-09-24,30,33,28,1147,43,10,3,28,68
2023-09-25,27,31,23,1146,42,10,2,29,64
2023-09-26,27,29,29,1147,44,10,3,29,60
2023-09-27,29,32,38,1147,43,10,3,29,60
2023-09-28,30,33,35,1146,44,10,3,29,58
2023-09-29,42,45,64,1149,48,10,4,30,58
2023-09-30,51,61,50,1149,48,10,4,28,70
2023-10-01,47,58,55,1149,44,10,3,28,73
2023-10-02,21,23,35,1142,46,10,4,28,64
2023-10-03,27,28,5,1163,43,10,17,29,64
2023-10-04,39,43,7,1191,30,11,32,29,67
2023-10-05,47,54,10,1246,31,16,35,29,71
2023-10-06,58,73,15,1366,29,16,34,28,76
2023-10-07,57,67,15,1342,29,13,32,29,70
2023-10-08,46,52,17,1337,30,17,35,29,67
2023-10-09,32,38,14,1209,29,13,31,29,67
2023-10-10,43,50,15,1246,30,12,34,29,69
2023-10-11,55,63,16,1298,29,13,32,29,71
2023-10-12,61,71,25,769,34,21,40,103,76
2023-10-13,58,66,33,227,37,28,38,30,67
2023-10-14,45,48,26,184,34,35,36,29,68
2023-10-15,37,39,27,214,33,42,34,29,64
2023-10-16,48,57,35,273,31,48,32,30,67
2023-10-17,48,54,33,274,38,55,30,30,61
2023-10-18,44,46,31,245,38,62,28,30,61
2023-10-19,38,43,75,671,52,69,27,29,65
2023-10-20,39,49,130,1159,73,81,32,28,74
2023-10-21,43,58,135,1259,61,109,33,28,76
2023-10-22,57,68,138,1360,59,153,36,29,72
2023-10-23,57,64,134,1274,59,98,33,29,67
2023-10-24,48,56,136,1197,56,105,28,28,72
2023-10-25,44,56,134,1233,46,122,28,27,82
2023-10-26,40,50,131,1183,51,89,26,28,77
2023-10-27,53,62,131,1165,58,84,26,29,72
2023-10-28,34,36,125,1148,61,63,26,30,62
2023-10-29,33,37,120,1127,68,64,25,30,62
2023-10-30,38,40,121,1128,65,61,25,29,67
2023-10-31,51,61,127,1197,67,77,28,28,76
2023-11-01,38,49,127,1217,61,88,26,27,80
2023-11-02,40,47,129,1193,61,76,23,27,80
2023-11-03,43,54,129,1212,55,105,24,27,81
2023-11-04,46,55,128,1218,51,101,23,27,84
2023-11-05,21,28,123,1210,47,112,21,26,88
2023-11-06,29,38,47,1279,64,71,34,28,78
2023-11-07,44,39,52,1266,57,71,39,30,73
2023-11-08,50,41,45,1106,42,135,26,29,76
2023-11-09,44,37,69,1285,40,68,27,28,78
2023-11-10,45,38,104,1386,48,54,37,29,75
2023-11-11,38,32,98,1365,42,55,37,28,80
2023-11-12,17,15,94,1204,22,44,19,28,78
2023-11-13,32,26,28,473,42,31,23,30,73
2023-11-14,21,18,35,476,62,18,28,27,85
2023-11-15,14,13,25,692,83,4,32,28,79
2023-11-16,22,18,8,740,63,2,36,28,78
2023-11-17,64,27,4,788,65,3,40,28,81
2023-11-18,32,26,2,836,71,3,45,27,83
2023-11-19,25,28,2,884,74,2,49,29,71
2023-11-20,27,23,4,933,68,13,53,29,73
2023-11-21,24,20,18,494,60,51,44,28,77
2023-11-22,21,18,4,300,126,54,40,28,79
2023-11-23,42,35,8,433,141,58,35,28,80
2023-11-24,42,34,14,511,141,62,30,27,83
2023-11-25,22,18,10,440,138,65,25,26,87
2023-11-26,20,17,8,422,137,69,20,27,80
2023-11-27,34,28,9,513,141,73,15,27,85
2023-11-28,27,23,8,423,134,76,11,27,79
2023-11-29,22,18,7,366,128,80,6,28,79
2023-11-30,14,11,7,439,129,84,1,26,89
2023-12-01,23,17,9,542,118,90,1,26,87
2023-12-02,20,16,8,482,115,85,1,28,79
2023-12-03,13,10,6,378,112,75,1,27,82
2023-12-04,15,12,24,480,82,128,1,25,89
2023-12-05,19,16,36,463,56,66,1,27,79
2023-12-06,24,20,37,577,60,12,1,27,85
2023-12-07,24,19,34,485,62,11,1,28,81
2023-12-08,20,16,31,431,62,11,1,28,80
2023-12-09,28,22,32,426,60,11,1,27,81
2023-12-10,30,23,37,571,58,11,1,27,81
2023-12-11,24,20,36,524,59,11,1,28,80
2023-12-12,27,21,32,413,58,10,1,28,77
2023-12-13,30,23,28,292,57,9,1,29,70
2023-12-14,22,18,32,356,56,10,1,30,67
2023-12-15,18,15,30,274,54,8,1,30,66
2023-12-16,21,16,28,238,53,9,1,29,67
2023-12-17,24,18,29,306,54,9,1,29,70
2023-12-18,26,19,28,298,55,9,1,29,71
2023-12-19,16,12,28,240,52,8,1,29,64
2023-12-20,14,11,29,259,49,7,1,29,57
2023-12-21,17,14,31,351,47,8,1,29,59
2023-12-22,32,26,33,384,48,8,1,29,64
2023-12-23,41,31,37,452,48,9,1,29,65
2023-12-24,47,31,35,476,52,10,1,28,76
2023-12-25,45,26,34,456,53,10,1,27,84
2023-12-26,59,36,37,535,53,12,1,27,83
2023-12-27,41,25,36,511,53,11,1,27,83
2023-12-28,43,28,34,449,53,11,1,28,81
2023-12-29,67,38,52,860,55,15,1,27,87
2023-12-30,59,30,46,691,58,13,1,26,90
2023-12-31,33,19,46,593,57,12,1,26,87
2024-01-01,24,16,42,517,56,11,1,27,82
2024-01-02,41,23,43,529,54,11,1,28,83
2024-01-03,37,19,43,571,56,10,1,27,88
2024-01-04,29,16,40,470,55,10,1,26,86
2024-01-05,32,18,42,570,55,12,1,27,83
2024-01-06,38,23,50,699,52,12,1,26,86
2024-01-07,31,17,55,732,52,13,1,25,90
2024-01-08,25,14,46,585,51,11,2,26,86
2024-01-09,12,9,41,472,52,12,2,27,83
2024-01-10,20,13,43,548,53,11,2,26,87
2024-01-11,20,12,42,475,52,9,2,26,89
2024-01-12,30,19,42,499,54,11,2,27,86
2024-01-13,22,16,46,606,54,12,2,27,83
2024-01-14,37,25,53,764,55,13,2,27,85
2024-01-15,25,18,45,556,56,12,2,28,80
2024-01-16,16,12,38,393,56,10,2,28,78
2024-01-17,26,19,43,482,54,9,2,26,86
2024-01-18,10,7,35,315,52,8,2,27,80
2024-01-19,6,4,42,405,52,7,2,24,91
2024-01-20,9,6,32,274,51,5,2,29,69
2024-01-21,16,11,36,335,51,6,2,27,80
2024-01-22,13,8,40,423,49,7,2,28,75
2024-01-23,10,6,36,370,52,7,2,27,80
2024-01-24,9,7,44,450,48,7,2,27,78
2024-01-25,15,14,40,442,48,11,2,28,75
2024-01-26,33,22,42,470,48,10,2,27,83
2024-01-27,37,20,51,721,51,14,2,25,93
2024-01-28,21,12,55,759,50,14,2,25,93
2024-01-29,31,18,54,800,52,14,2,25,90
2024-01-30,38,21,60,791,51,14,2,26,91
2024-01-31,20,11,42,492,51,10,2,25,90
2024-02-01,15,10,42,529,51,11,2,26,87
2024-02-02,19,11,39,422,50,9,2,27,83
2024-02-03,33,19,47,610,51,12,2,26,91
2024-02-04,10,8,46,572,52,9,2,26,85
2024-02-05,33,21,35,421,52,8,2,27,81
2024-02-06,24,15,35,518,52,9,2,25,88
2024-02-07,13,9,41,662,50,12,2,25,87
2024-02-08,13,10,34,485,53,11,2,27,79
2024-02-09,19,14,31,374,54,11,2,28,76
2024-02-10,27,19,27,418,59,15,2,29,76
2024-02-11,35,24,23,463,64,20,2,29,76
2024-02-12,43,29,18,507,69,25,2,29,77
2024-02-13,52,33,23,545,70,25,5,28,78
2024-02-14,28,17,25,551,69,25,9,27,85
2024-02-15,53,29,37,885,69,28,12,27,90
2024-02-16,54,29,46,1024,69,30,16,26,90
2024-02-17,46,22,33,764,68,27,19,26,91
2024-02-18,35,20,31,730,68,27,23,26,89
2024-02-19,40,25,32,787,67,29,26,27,85
2024-02-20,40,23,27,637,67,25,29,27,86
2024-02-21,34,20,24,570,66,24,33,27,86
2024-02-22,13,17,24,544,66,25,35,29,79
2024-02-23,17,13,18,341,65,24,21,29,74
2024-02-24,31,24,24,500,66,26,44,28,80
2024-02-25,28,18,21,447,66,25,34,27,84
2024-02-26,26,16,35,629,77,22,42,27,83
2024-02-27,15,24,61,709,37,37,9,26,88
2024-02-28,34,41,56,697,24,43,16,26,87
2024-02-29,28,42,67,973,18,44,39,25,91
2024-03-01,17,21,62,895,14,44,30,27,85
2024-03-02,15,17,58,788,10,43,2,24,93
2024-03-03,11,12,39,579,9,29,2,27,85
2024-03-04,6,7,20,371,8,15,1,29,77
2024-03-05,14,15,1,552,7,16,6,27,83
2024-03-06,12,14,3,592,6,17,13,27,84
2024-03-07,9,10,2,595,4,17,13,27,85
2024-03-08,4,4,1,430,3,16,6,27,85
2024-03-09,13,13,28,604,2,17,54,25,90
2024-03-10,25,25,8,974,1,20,39,27,87
2024-03-11,25,25,7,635,3,18,36,26,89
2024-03-12,22,23,10,582,5,18,40,27,84
2024-03-13,27,28,2,692,8,17,22,26,91
2024-03-14,19,19,2,492,10,16,12,25,91
2024-03-15,8,7,6,344,12,15,16,25,87
2024-03-16,8,8,2,374,14,15,2,25,89
2024-03-17,10,9,1,377,17,15,1,25,91
2024-03-18,7,7,1,292,19,15,2,28,79
2024-03-19,6,6,1,282,21,15,3,29,72
2024-03-20,9,9,1,242,23,16,5,29,69
2024-03-21,22,22,1,306,26,16,6,28,74
2024-03-22,36,38,4,500,28,17,7,28,80
2024-03-23,44,46,5,649,30,18,18,29,77
2024-03-24,43,43,4,574,32,16,13,27,86
2024-03-25,29,29,5,618,35,17,5,26,90
2024-03-26,25,27,2,470,37,17,1,27,84
2024-03-27,32,34,2,609,39,17,5,26,91
2024-03-28,31,32,18,808,41,17,4,27,84
2024-03-29,27,28,1,416,44,16,1,27,85
2024-03-30,28,29,11,568,46,17,2,26,88
2024-03-31,30,32,21,741,48,18,6,27,88
2024-04-01,40,43,26,841,50,18,2,27,87
2024-04-02,39,40,3,482,53,16,4,27,86
2024-04-03,23,24,70,2805,55,20,2,26,93
2024-04-04,28,30,111,4266,56,23,4,28,83
2024-04-05,37,41,100,2185,52,22,5,28,82
2024-04-06,33,36,88,1641,53,21,6,29,79
2024-04-07,28,30,88,1692,54,22,8,29,74
2024-04-08,19,20,83,1651,51,22,3,29,75
2024-04-09,24,26,87,1774,50,22,5,28,76
2024-04-10,18,20,87,1766,49,22,8,29,77
2024-04-11,16,17,73,1557,48,22,10,28,80
2024-04-12,22,24,90,1745,50,23,7,26,91
2024-04-13,17,18,78,1545,48,22,4,28,81
2024-04-14,14,15,94,1828,47,24,5,27,89
2024-04-15,17,19,90,1685,50,24,7,28,83
2024-04-16,30,33,90,1837,52,25,8,29,82
2024-04-17,28,32,66,1820,38,30,9,27,89
2024-04-18,15,17,2,1502,10,35,10,27,83
2024-04-19,21,23,1,1650,10,35,10,28,81
2024-04-20,21,23,26,1616,7,28,10,29,80
2024-04-21,22,23,50,1582,4,20,10,29,78
2024-04-22,22,24,74,1548,2,13,10,30,77
2024-04-23,33,34,90,1729,2,13,10,27,89
2024-04-24,41,42,93,1646,2,14,10,27,87
2024-04-25,29,30,85,1623,2,12,5,27,90
2024-04-26,16,16,84,1662,2,13,6,27,86
2024-04-27,24,25,89,1665,2,14,7,28,83
2024-04-28,14,14,93,2057,3,13,8,26,85
2024-04-29,39,40,34,1524,5,49,9,32,69
2024-04-30,43,45,43,1975,6,49,9,29,82
2024-05-01,52,56,44,1745,4,49,3,27,89
2024-05-02,34,36,45,1647,4,49,9,28,87
2024-05-03,46,48,46,1661,3,49,4,28,86
2024-05-04,36,37,50,1806,3,50,4,27,87
2024-05-05,41,42,37,1505,3,49,3,28,78
2024-05-06,42,45,36,1597,4,49,7,29,75
2024-05-07,58,61,38,1382,4,49,2,29,73
2024-05-08,66,50,51,1481,5,49,2,29,78
2024-05-09,56,1,40,1235,4,49,4,29,75
2024-05-10,63,2,38,1335,5,49,4,30,76
2024-05-11,45,1,39,1444,6,49,8,29,78
2024-05-12,37,2,36,1433,4,49,4,29,75
2024-05-13,45,2,38,1417,5,49,10,29,78
2024-05-14,45,1,42,1602,4,49,3,27,84
2024-05-15,59,2,41,1397,4,49,3,29,76
2024-05-16,58,2,37,1396,4,49,3,27,86
2024-05-17,58,2,38,1565,3,50,5,28,84
2024-05-18,43,2,31,1387,3,49,4,28,80
2024-05-19,46,2,38,1442,4,50,6,28,84
2024-05-20,53,1,36,1216,4,50,4,28,80
